soil_moisture,temperature,humidity,rain_forecast,irrigation_needed,crop_type_encoded
65.76,24.59,74.58,0,0,6
20.92,21.45,80.63,0,1,9
55.56,21.41,70.54,1,0,7
22.73,24.59,41.3,0,1,1
30.39,35.3,29.76,0,1,8
36.77,44.58,52.67,1,0,2
21.94,21.63,86.42,1,0,6
36.98,20.4,36.16,0,0,1
52.7,40.83,32.14,0,1,6
56.38,27.79,56.4,0,0,1
12.19,41.06,51.48,0,1,5
51.85,43.05,26.19,0,0,3
77.28,41.11,72.31,0,0,8
34.97,27.02,57.99,0,0,7
11.09,30.59,47.64,0,1,0
23.92,37.78,75.31,0,1,10
35.09,22.9,80.42,0,0,9
16.68,29.27,66.82,0,1,1
29.23,34.03,46.8,1,0,7
63.25,34.03,73.97,0,0,2
59.75,22.77,50.75,0,0,8
43.28,34.08,68.69,0,1,6
38.73,38.89,36.02,0,1,6
58.63,42.01,63.7,0,0,10
71.0,40.09,33.06,1,0,4
32.7,23.05,44.94,1,0,10
25.96,30.68,77.26,1,0,0
21.53,33.35,53.94,0,1,6
33.63,43.57,42.62,0,1,9
38.27,21.62,37.77,0,1,8
44.81,27.52,39.94,0,1,6
78.36,30.28,22.31,0,0,0
26.77,23.62,54.26,1,0,0
57.05,39.04,36.63,1,0,6
42.92,44.59,47.92,1,0,7
20.55,32.7,68.71,1,0,0
25.42,37.78,76.67,0,1,10
22.21,37.27,47.07,1,0,6
57.3,38.38,34.64,0,0,0
28.06,36.5,77.21,0,1,9
26.93,22.33,82.81,1,0,0
23.21,26.97,69.03,1,0,10
72.1,39.5,64.94,0,0,3
64.97,36.72,60.65,0,0,7
56.45,20.13,31.26,0,0,8
41.39,44.86,32.31,0,0,5
22.52,29.16,72.09,1,0,4
47.98,32.72,64.54,0,0,0
78.52,32.17,83.43,0,0,5
45.18,34.42,54.48,0,0,4
50.04,39.21,23.05,1,0,2
71.84,38.69,86.72,0,0,4
50.06,44.51,25.27,0,0,4
28.79,32.13,46.09,0,1,6
58.72,34.25,26.8,0,0,5
35.11,26.35,40.67,0,0,5
58.79,37.56,45.16,0,0,7
39.38,26.41,62.81,0,1,6
45.11,39.96,65.5,1,0,6
33.66,29.39,26.58,0,0,2
32.97,23.88,88.73,1,0,5
12.14,20.93,77.58,0,1,9
46.56,39.25,35.11,0,0,4
68.94,24.86,48.79,0,0,3
60.83,44.4,56.14,0,0,7
37.92,30.84,72.08,0,0,0
77.39,40.9,68.72,0,0,9
74.06,31.06,36.79,0,0,9
56.21,27.0,86.84,1,0,8
52.82,30.49,37.34,0,0,4
18.41,28.55,26.43,0,1,4
22.27,20.43,73.44,1,0,3
22.12,30.85,47.9,0,1,3
72.07,26.52,21.07,1,0,4
47.76,37.1,63.11,1,0,0
11.86,34.64,85.82,0,1,1
50.14,23.21,76.78,1,0,1
67.43,36.29,34.47,0,0,2
12.73,35.46,43.56,0,1,1
57.71,28.52,38.25,0,0,9
58.77,35.72,81.42,1,0,9
77.73,33.7,49.64,0,0,4
79.34,30.32,46.04,1,0,2
70.7,34.05,36.7,0,0,7
62.82,22.58,83.18,0,0,6
32.4,42.39,47.24,0,1,8
69.3,28.87,86.98,0,0,8
50.14,35.8,51.39,0,0,3
48.76,25.32,86.23,1,0,8
16.38,32.36,24.03,0,1,6
61.59,33.65,69.41,1,0,4
63.31,35.46,27.08,0,0,8
15.09,40.55,69.44,0,1,7
26.33,34.53,80.42,1,0,4
76.31,44.65,72.74,0,0,0
64.4,33.96,49.7,1,0,2
40.41,26.34,48.36,0,1,6
18.32,22.94,65.44,1,0,3
36.24,27.14,80.8,0,1,8
66.15,44.45,58.92,0,0,5
74.73,42.98,37.71,0,0,5
46.62,35.73,68.7,0,0,8
58.78,29.61,71.6,1,0,4
76.53,42.26,51.9,0,0,9
21.88,36.17,47.18,0,1,7
78.21,44.66,68.87,0,0,4
38.78,35.07,38.97,0,0,0
67.58,43.74,70.8,0,0,2
15.79,41.92,58.61,0,1,1
36.35,40.26,89.11,0,0,7
62.47,29.82,78.04,0,0,4
42.81,30.37,39.14,0,0,0
58.42,33.36,72.49,1,0,5
63.83,43.62,79.48,0,0,6
19.04,43.85,62.43,0,1,8
62.99,21.17,38.81,0,0,0
46.42,39.31,56.41,1,0,9
77.76,22.21,75.43,0,0,5
62.86,35.51,69.29,0,0,6
53.21,44.51,62.57,0,0,5
16.37,38.16,58.32,0,1,10
46.65,37.44,75.75,0,1,6
44.45,26.46,52.14,1,0,0
34.32,25.23,60.58,0,0,4
42.21,34.62,48.02,0,1,8
22.73,28.64,82.78,0,1,3
52.14,25.6,77.53,0,0,1
22.39,22.22,28.44,0,1,9
72.6,23.22,43.11,0,0,9
65.96,35.7,25.72,1,0,9
29.38,40.16,72.38,0,1,0
43.92,35.46,45.82,0,0,7
12.57,26.31,69.93,1,0,9
47.25,22.68,51.32,0,0,10
61.62,24.56,59.48,1,0,8
32.92,22.99,82.34,0,0,5
34.86,36.22,53.57,0,0,3
51.08,38.64,50.22,0,0,5
33.62,42.49,62.53,0,1,8
79.06,35.14,36.61,0,0,10
35.57,32.2,79.56,0,0,5
72.77,22.01,56.72,0,0,7
79.81,42.42,60.32,1,0,3
78.25,32.27,70.6,1,0,5
48.97,34.29,39.6,1,0,1
77.76,37.77,33.97,1,0,5
52.74,27.22,60.69,0,0,0
32.44,34.85,45.85,0,0,3
14.44,44.75,42.56,1,0,4
19.72,20.07,28.17,0,1,0
38.83,28.72,85.07,1,0,5
18.7,38.27,85.68,0,1,1
74.85,38.04,23.37,1,0,2
65.67,25.04,31.46,0,0,10
26.5,35.84,83.55,0,0,4
37.47,40.41,50.74,0,0,9
53.69,33.49,50.71,0,0,2
72.97,29.6,58.05,1,0,0
48.0,30.79,43.3,1,0,2
19.75,39.85,63.41,0,1,9
50.12,44.94,72.67,1,0,6
62.08,20.84,59.89,1,0,10
62.82,22.57,57.55,0,0,10
52.28,32.56,57.79,0,0,7
60.56,38.0,64.88,0,0,3
60.13,34.98,77.88,1,0,3
50.84,30.02,52.34,1,0,7
51.04,32.65,62.8,0,0,9
75.25,34.13,68.77,1,0,10
55.6,39.28,46.21,0,0,7
61.55,43.36,84.79,0,0,2
78.94,40.97,28.73,1,0,4
46.32,34.78,47.93,0,0,5
24.39,39.69,62.26,0,1,8
47.62,43.0,44.24,0,0,3
74.29,34.68,22.3,1,0,1
22.35,32.46,49.32,1,0,5
64.63,26.94,35.41,0,0,0
22.46,44.03,30.41,0,1,0
45.15,34.88,24.7,1,0,7
65.98,28.73,52.78,0,0,10
51.12,27.35,69.98,0,0,7
40.85,30.02,59.17,0,0,5
33.41,21.89,72.73,0,0,0
55.08,30.22,21.78,0,0,2
70.69,30.2,58.62,0,0,1
57.03,20.49,27.29,1,0,6
72.12,33.92,70.46,1,0,2
60.56,41.39,78.12,0,0,7
19.88,30.16,42.68,0,1,4
15.99,25.2,21.86,0,1,9
55.0,37.6,83.74,0,0,3
28.16,29.49,61.32,0,1,10
34.16,39.35,45.39,1,0,4
76.39,39.09,29.81,1,0,2
78.98,31.78,32.75,0,0,7
28.81,33.54,64.34,0,1,0
55.15,30.54,29.26,1,0,5
29.06,20.46,84.0,0,0,1
44.87,21.68,48.37,0,0,3
17.46,23.5,38.46,0,1,6
51.82,35.01,66.55,0,0,10
39.31,29.58,56.32,0,0,0
61.66,22.07,62.22,0,0,5
68.6,30.93,84.09,1,0,4
49.65,31.9,66.46,1,0,7
43.86,26.75,57.79,0,0,4
13.6,32.41,61.78,0,1,3
43.2,28.61,44.61,0,0,9
51.88,31.49,25.32,0,0,10
29.05,34.76,45.27,0,1,2
77.35,39.75,68.34,0,0,10
63.09,35.97,73.13,1,0,7
78.64,42.58,65.27,0,0,5
76.08,20.99,69.39,1,0,8
48.91,31.83,41.9,0,1,6
30.81,43.11,87.97,1,0,6
62.15,21.37,51.86,0,0,1
12.59,34.91,36.1,0,1,6
71.95,33.26,50.87,0,0,1
32.07,33.49,75.35,0,1,6
46.41,30.67,81.37,0,0,1
70.91,20.53,81.23,0,0,2
14.9,20.24,23.69,0,1,2
43.58,34.52,39.02,0,0,4
33.55,33.06,71.26,0,1,8
30.11,27.41,36.35,0,0,7
73.72,21.13,27.66,0,0,0
25.28,43.75,75.04,0,1,3
78.76,42.1,62.06,1,0,5
21.69,44.78,36.22,1,0,1
52.54,32.82,36.15,0,0,5
12.57,43.93,77.83,1,0,9
77.84,42.09,84.94,1,0,5
37.74,38.96,68.72,0,0,10
25.71,25.6,57.59,0,1,2
16.4,41.94,38.59,0,1,4
13.11,41.3,22.48,0,1,8
48.56,22.17,48.59,0,0,8
58.7,21.22,57.28,1,0,7
79.4,21.54,81.8,0,0,4
67.73,28.7,67.46,0,0,2
71.5,39.94,66.09,1,0,0
21.23,28.35,36.71,1,0,10
53.3,38.82,31.1,1,0,3
42.58,41.98,20.36,1,0,9
62.05,24.02,77.26,1,0,4
23.52,22.1,42.85,0,1,6
28.19,35.85,57.8,1,0,7
29.83,20.46,50.26,1,0,5
17.18,43.43,68.15,0,1,4
21.65,39.27,69.6,0,1,10
53.46,21.14,81.01,1,0,5
55.33,34.86,46.85,0,0,3
32.65,32.22,73.93,0,0,0
21.13,31.71,86.1,0,1,9
21.45,39.87,68.56,0,1,8
64.1,25.75,29.19,1,0,1
40.26,43.59,49.38,0,0,7
63.21,31.06,41.84,0,0,5
26.1,25.33,22.18,0,1,5
70.51,31.83,87.77,0,0,1
16.38,23.84,51.76,0,1,0
53.84,23.28,22.28,1,0,6
22.98,31.55,20.09,0,1,2
40.12,25.01,54.41,0,0,3
32.81,34.76,50.33,1,0,5
10.81,21.81,47.47,0,1,0
30.42,37.37,80.21,1,0,5
60.7,38.73,30.21,0,0,7
53.27,37.56,59.18,0,0,5
46.24,22.2,44.54,0,0,0
35.05,28.05,88.42,0,0,3
66.04,25.0,31.72,0,0,9
18.7,42.41,61.63,0,1,10
59.63,41.77,69.99,1,0,8
43.91,36.52,58.71,0,0,10
41.66,36.09,56.85,1,0,5
60.74,34.83,65.52,0,0,10
25.34,44.4,43.58,0,1,2
40.36,21.09,31.32,0,1,6
25.99,44.91,88.24,0,1,2
38.23,25.51,49.29,0,0,9
42.38,41.71,70.9,1,0,6
54.01,38.38,73.74,0,0,3
70.69,34.47,50.7,1,0,1
71.14,42.52,49.52,0,0,3
29.87,28.98,46.87,0,1,2
61.32,23.29,70.11,1,0,4
54.28,29.32,55.88,0,1,6
44.46,26.18,80.95,0,0,5
50.56,36.57,26.67,0,0,7
77.86,26.45,65.97,0,0,8
51.91,29.92,36.59,0,0,7
15.14,24.24,56.38,0,1,9
40.16,26.22,63.2,1,0,8
21.73,20.92,71.55,0,1,5
64.73,37.63,51.25,1,0,4
24.41,22.8,38.88,0,1,5
75.56,20.98,28.55,0,0,4
16.2,22.58,60.93,0,1,4
79.06,44.13,20.35,1,0,3
78.12,34.5,37.8,0,0,1
56.68,23.49,22.1,0,0,6
24.13,36.84,87.89,0,1,1
20.93,25.86,87.43,0,1,7
68.67,43.62,67.83,0,0,0
68.16,41.62,73.8,0,0,0
58.27,36.91,35.1,0,0,8
56.69,34.43,44.4,0,0,4
32.27,41.66,89.53,1,0,5
49.69,38.46,81.5,0,0,4
56.73,40.2,73.36,1,0,3
70.82,29.39,40.78,0,0,2
32.72,29.16,47.73,0,0,4
51.75,33.64,51.11,0,0,8
52.24,36.71,63.36,0,0,10
47.97,43.79,79.3,1,0,2
17.62,23.72,56.86,0,1,9
52.55,39.12,76.91,1,0,3
46.49,40.56,50.16,1,0,10
72.86,26.09,84.89,0,0,4
43.54,24.86,31.64,0,0,4
29.94,27.68,76.21,0,0,4
52.72,37.9,39.08,0,0,9
46.57,23.08,80.16,1,0,8
30.67,39.84,32.97,1,0,6
43.85,40.15,58.52,0,0,3
17.86,20.06,64.66,0,1,9
65.56,36.17,32.23,0,0,8
73.0,28.84,36.58,1,0,9
61.24,41.28,67.0,1,0,1
53.67,31.29,61.06,0,0,2
70.85,31.82,57.48,0,0,2
54.94,35.18,58.27,0,0,4
44.77,44.69,29.55,0,1,8
40.99,31.14,70.72,0,0,2
18.99,22.6,70.7,0,1,7
64.08,26.62,65.17,0,0,6
32.64,25.67,44.85,0,1,8
68.23,36.74,24.9,0,0,0
71.61,36.27,57.31,0,0,7
23.32,21.31,46.49,0,1,2
61.15,31.63,24.21,0,0,2
77.32,35.87,72.84,0,0,3
16.77,31.26,72.93,0,1,9
65.68,43.18,36.42,0,0,7
11.4,38.43,73.8,0,1,7
16.51,26.43,75.15,1,0,4
67.82,39.55,69.61,0,0,4
25.92,28.54,46.66,0,1,0
48.77,27.64,47.79,0,0,8
71.13,24.04,75.04,0,0,3
37.37,32.53,47.8,0,0,4
57.2,33.31,70.5,0,0,2
31.33,22.02,48.21,0,1,6
25.65,43.93,60.11,1,0,1
19.28,41.55,84.59,0,1,1
68.05,27.94,86.7,1,0,5
18.52,31.96,55.43,0,1,4
40.77,22.64,64.86,0,0,3
55.51,23.8,24.29,1,0,1
24.82,32.12,72.8,0,1,9
40.12,24.27,25.22,1,0,8
22.44,37.29,63.26,0,1,2
66.98,35.38,41.44,0,0,7
39.83,23.27,82.06,0,0,5
35.74,30.35,77.93,1,0,2
77.47,26.21,29.37,0,0,5
28.19,39.01,29.6,0,1,5
32.65,40.86,64.05,0,0,0
77.17,32.2,27.68,0,0,4
69.1,22.45,54.18,0,0,4
27.04,36.29,76.75,0,1,3
37.47,43.91,29.32,0,0,5
32.08,37.2,50.63,0,0,7
75.12,26.33,74.68,1,0,9
56.15,42.38,64.57,0,0,6
46.29,23.75,71.62,0,1,6
13.35,20.95,72.23,0,1,4
14.99,20.3,86.96,1,0,2
42.34,44.79,87.95,1,0,9
22.96,24.35,26.89,0,1,2
28.55,20.52,25.75,1,0,7
63.85,35.62,46.74,0,0,7
27.88,26.52,24.85,1,0,0
12.94,44.21,75.91,0,1,6
17.98,32.15,84.42,0,1,7
18.97,28.46,84.97,0,1,1
36.32,33.75,47.21,0,1,8
26.85,23.04,33.82,1,0,3
79.47,36.79,42.18,1,0,7
48.08,35.9,35.47,1,0,8
49.05,24.51,23.77,0,0,7
78.93,43.43,23.02,0,0,5
60.82,40.44,34.95,0,0,4
33.97,30.34,73.07,1,0,7
30.83,34.13,68.22,1,0,2
63.28,24.0,52.31,0,0,8
61.92,42.04,39.45,0,0,0
56.03,27.77,71.96,1,0,9
23.16,28.88,74.87,0,1,10
69.36,41.0,78.29,0,0,5
77.07,29.2,42.89,0,0,8
42.92,32.55,28.73,0,1,6
60.54,42.15,61.51,0,0,3
10.13,24.46,22.03,0,1,4
37.14,30.06,81.2,0,1,8
14.54,34.5,59.3,0,1,2
57.35,40.12,38.89,1,0,7
54.55,23.72,68.68,1,0,0
59.54,39.72,56.21,0,0,9
18.57,38.39,36.51,0,1,3
51.88,38.39,89.88,1,0,0
39.49,35.9,75.0,0,0,0
79.38,38.68,71.8,1,0,5
22.91,29.06,43.42,0,1,4
51.01,34.66,68.84,1,0,0
75.85,26.48,50.08,1,0,2
43.66,30.88,85.61,1,0,4
15.64,38.2,54.75,0,1,9
10.49,21.43,35.77,0,1,8
62.6,36.42,86.96,0,0,8
29.75,26.54,37.29,1,0,9
78.24,29.28,50.02,1,0,7
14.58,32.19,22.35,0,1,5
49.34,28.65,42.06,1,0,9
72.99,20.55,66.47,1,0,5
37.54,40.7,75.14,0,1,6
78.69,26.41,65.79,0,0,4
33.68,27.72,86.29,1,0,7
11.54,38.0,49.26,0,1,8
49.29,33.08,28.03,1,0,5
47.98,39.79,58.42,0,0,9
69.28,30.72,29.87,0,0,5
56.83,31.56,48.82,0,0,8
30.34,39.67,27.84,0,0,5
13.64,39.66,34.1,0,1,2
48.14,38.96,72.79,0,0,3
71.45,41.99,80.94,0,0,7
49.21,38.77,59.06,0,0,8
42.48,42.73,57.71,0,0,7
36.04,31.29,47.82,0,0,5
77.51,25.09,56.63,0,0,4
50.43,35.86,75.85,0,0,8
46.41,31.19,59.05,0,0,7
35.42,42.43,31.82,0,0,2
12.34,29.09,71.28,1,0,0
40.82,35.38,25.84,1,0,4
45.36,44.18,49.24,1,0,10
60.76,28.08,89.8,1,0,4
21.36,20.32,59.18,0,1,10
67.61,25.24,46.53,1,0,8
67.33,33.52,69.72,0,0,8
73.09,36.29,41.98,0,0,10
67.98,28.38,32.16,1,0,5
16.1,37.98,49.41,1,0,7
41.52,38.72,65.58,0,0,2
61.66,40.15,79.06,0,0,5
18.84,36.9,42.76,0,1,0
21.7,36.38,89.42,0,1,6
58.59,32.82,41.37,0,0,2
63.42,30.21,73.15,1,0,2
63.62,39.71,66.55,0,0,0
71.2,20.0,31.84,0,0,0
25.87,29.54,29.02,0,1,5
39.58,21.05,71.79,1,0,10
18.92,37.69,88.09,1,0,6
66.34,20.45,87.4,1,0,2
53.98,33.32,64.46,0,0,10
59.26,33.52,26.76,0,0,7
42.81,27.53,61.89,0,0,0
61.12,34.97,24.51,1,0,10
56.75,34.83,82.46,0,0,1
47.19,40.95,39.97,0,1,6
79.68,41.39,56.5,0,0,10
25.42,32.21,71.63,0,1,3
56.84,40.73,81.53,0,0,8
40.13,27.92,50.42,1,0,6
33.86,24.12,31.94,1,0,8
51.42,37.57,36.62,0,0,5
36.92,32.19,65.66,1,0,3
43.1,44.6,38.83,0,0,1
27.81,29.05,53.07,0,1,5
26.72,31.74,51.53,0,0,7
23.73,35.27,39.65,0,1,2
69.79,21.24,78.33,1,0,5
33.72,40.06,60.04,0,0,0
13.11,26.95,77.17,0,1,10
17.97,28.63,55.52,1,0,0
13.14,31.26,85.06,0,1,10
39.53,30.28,83.53,1,0,7
67.67,43.88,77.48,0,0,0
10.15,37.94,78.07,0,1,10
58.06,22.86,46.87,0,0,3
16.46,34.91,58.47,1,0,1
32.48,38.75,48.89,0,1,9
35.33,34.84,20.71,0,0,9
18.1,23.86,32.03,0,1,5
73.17,21.66,57.38,0,0,4
58.64,33.31,51.42,0,0,0
73.71,40.2,35.12,0,0,9
55.66,41.14,68.47,0,0,7
15.43,33.56,80.32,0,1,2
36.9,31.25,60.55,1,0,1
32.32,34.55,45.98,0,1,6
37.51,33.15,55.82,0,0,3
19.98,42.25,44.21,0,1,6
55.21,35.92,43.84,0,0,9
31.79,36.93,62.4,0,0,10
50.62,33.99,27.37,0,0,3
43.99,20.69,55.38,1,0,1
16.95,25.22,84.79,0,1,3
11.63,38.91,52.1,0,1,2
68.48,29.26,46.24,0,0,4
52.21,40.67,88.88,0,0,5
12.17,44.27,74.15,1,0,3
48.76,33.54,73.33,1,0,8
34.93,40.67,69.63,0,0,2
33.97,26.76,87.65,0,0,4
21.57,34.57,89.98,0,1,2
44.22,30.04,89.57,1,0,1
32.81,39.81,52.3,1,0,7
12.76,31.89,58.01,0,1,7
73.66,38.05,57.34,1,0,10
62.21,33.73,24.04,0,0,4
71.4,43.6,30.42,0,0,8
70.45,34.72,46.27,0,0,3
49.39,31.03,62.4,1,0,0
50.41,41.64,88.65,0,0,2
52.15,34.79,76.46,0,0,2
14.16,20.08,64.81,0,1,8
14.37,42.09,51.38,0,1,7
11.34,31.92,68.14,1,0,6
46.91,35.81,65.11,1,0,5
29.51,25.27,87.02,0,1,8
24.05,44.87,26.29,0,1,2
61.65,40.85,71.83,0,0,2
75.6,40.55,76.64,1,0,7
52.95,22.22,54.13,0,0,2
38.5,21.65,44.42,0,0,3
10.43,22.52,80.83,0,1,1
45.04,39.86,69.5,0,0,0
59.71,36.67,34.78,1,0,1
66.24,43.23,48.36,1,0,2
43.35,25.65,64.83,1,0,6
25.02,30.4,73.17,0,0,4
45.22,31.23,61.01,0,1,6
54.6,33.16,52.42,0,0,3
66.28,33.81,56.41,0,0,4
60.45,30.04,31.1,1,0,6
54.07,21.36,72.41,0,0,7
45.78,21.17,39.33,1,0,0
50.83,31.67,43.83,1,0,6
67.87,23.25,59.55,1,0,10
65.23,42.3,50.37,1,0,3
77.49,22.23,68.09,0,0,7
75.11,41.11,67.31,0,0,0
59.91,36.66,87.62,1,0,4
57.33,43.6,38.83,0,0,0
55.09,21.2,45.2,1,0,2
43.32,22.77,64.41,1,0,8
13.66,39.19,49.16,1,0,8
24.84,36.43,53.06,1,0,1
65.74,38.85,22.52,0,0,0
55.61,38.46,42.09,0,0,7
57.75,31.7,60.54,0,0,4
35.75,21.45,27.81,0,0,10
58.16,26.05,83.77,1,0,4
18.71,30.34,54.5,0,1,0
73.42,26.67,70.74,1,0,0
46.33,36.94,41.83,1,0,9
46.49,44.4,28.79,0,0,0
36.78,29.19,32.72,0,0,10
33.93,38.48,35.63,0,0,4
56.41,33.71,81.55,0,0,10
68.08,35.15,40.38,0,0,10
31.2,21.64,35.98,0,0,10
57.01,34.56,89.31,0,0,6
79.39,33.61,87.39,0,0,7
24.35,38.14,63.38,1,0,8
64.69,34.46,30.29,1,0,8
73.45,24.1,65.0,1,0,7
33.61,38.12,57.72,0,0,3
58.31,43.27,54.81,0,0,1
19.4,43.95,57.08,0,1,7
57.57,21.91,39.23,1,0,9
48.28,24.51,52.1,0,0,1
41.19,25.23,23.5,1,0,5
65.52,41.34,36.94,1,0,10
76.6,44.87,69.82,1,0,3
25.34,31.47,84.36,0,1,8
53.56,44.53,33.31,1,0,5
34.85,37.46,47.66,1,0,10
63.01,24.04,53.38,1,0,1
42.08,39.53,87.21,1,0,0
52.21,40.89,74.91,0,0,5
66.33,21.15,76.57,0,0,9
61.02,22.38,50.01,0,0,6
72.62,20.01,83.1,0,0,2
74.37,44.83,23.14,1,0,6
54.48,22.27,22.28,0,0,0
50.4,28.93,75.13,0,1,6
50.17,30.39,79.31,1,0,3
74.28,22.55,55.42,0,0,9
26.01,43.91,30.37,0,1,8
76.53,34.54,50.56,0,0,8
32.84,40.99,30.07,0,0,2
76.25,42.31,49.36,1,0,6
72.22,33.61,34.31,0,0,9
51.57,20.82,64.52,0,0,2
75.85,32.67,48.66,1,0,9
13.33,38.17,74.17,0,1,7
20.61,41.9,57.74,0,1,3
75.17,29.8,58.27,0,0,6
14.29,29.05,70.62,0,1,8
31.29,27.6,36.13,0,1,6
77.68,25.61,66.41,1,0,3
63.13,35.24,82.72,1,0,4
29.0,23.13,43.59,1,0,10
78.94,38.86,47.52,0,0,3
36.65,30.36,72.77,0,0,0
64.64,34.59,86.66,0,0,1
35.32,43.73,64.25,0,1,8
17.18,32.85,55.62,0,1,4
41.42,23.98,32.61,0,1,8
74.47,37.36,71.03,1,0,5
12.16,21.3,29.95,0,1,0
78.5,41.41,69.08,1,0,3
48.45,27.8,53.78,0,1,6
36.9,20.63,78.73,0,0,3
53.11,41.08,26.83,0,0,9
59.43,33.36,57.85,0,0,2
60.29,41.57,32.55,1,0,4
76.67,25.67,81.55,1,0,2
53.75,27.91,77.15,0,0,3
27.53,35.62,60.02,1,0,7
53.96,26.19,31.4,0,0,2
31.47,28.82,63.49,0,0,4
71.46,35.14,37.3,0,0,8
40.29,37.14,43.27,0,0,1
76.11,36.04,67.0,0,0,6
39.28,38.77,27.1,0,1,6
75.89,42.87,20.8,0,0,1
22.56,44.27,27.93,0,1,9
23.29,34.55,34.31,0,1,4
28.5,25.13,53.81,0,1,6
55.97,44.21,62.25,0,0,7
14.78,30.76,68.71,0,1,5
55.4,26.69,21.06,1,0,2
57.32,37.67,62.7,0,0,10
27.47,20.05,32.19,0,1,3
20.84,43.62,71.56,1,0,8
64.06,35.63,46.15,0,0,10
11.08,34.57,37.72,0,1,0
25.43,38.14,63.21,1,0,0
78.39,22.55,20.58,0,0,5
72.3,22.11,76.5,1,0,2
40.41,38.09,20.63,0,0,3
48.28,36.77,69.06,0,0,0
23.95,41.94,71.71,0,1,6
25.01,26.77,37.33,0,1,0
61.29,35.17,67.1,0,0,1
68.69,40.13,77.61,1,0,6
24.02,35.42,72.0,1,0,7
14.79,29.28,84.45,0,1,7
33.35,41.63,84.07,1,0,8
65.12,31.36,64.12,0,0,1
39.93,31.06,65.45,1,0,5
67.73,27.31,51.07,0,0,1
51.32,30.19,52.87,0,0,3
63.51,30.24,65.86,0,0,0
17.83,32.91,75.06,1,0,5
71.72,40.35,67.96,0,0,1
10.56,43.11,51.03,0,1,4
34.98,28.84,78.0,1,0,8
25.12,40.23,75.05,0,1,6
45.39,43.53,81.34,0,0,0
15.43,40.72,44.42,0,1,8
57.39,40.95,80.11,1,0,4
10.93,27.4,52.14,0,1,8
26.07,22.94,31.57,0,1,3
47.23,39.74,40.78,0,0,1
38.99,38.31,81.72,0,0,0
25.57,32.98,62.54,0,1,2
27.06,26.69,43.5,1,0,6
53.14,33.92,49.1,0,0,7
57.53,30.3,72.75,0,0,2
38.84,41.76,64.2,0,0,1
44.7,43.33,50.74,1,0,0
24.44,29.8,82.7,0,1,0
76.6,39.41,62.79,1,0,0
43.2,34.02,63.99,0,0,10
61.19,37.43,72.68,0,0,8
69.03,32.13,43.35,1,0,5
67.44,30.11,53.9,0,0,2
66.25,42.54,34.24,0,0,8
43.55,24.54,72.02,1,0,5
55.38,21.85,46.28,1,0,3
79.8,33.98,42.48,0,0,3
61.05,35.21,69.46,0,0,5
13.17,28.75,85.05,0,1,3
56.32,32.1,20.37,1,0,1
48.39,21.66,73.66,0,0,7
46.48,28.76,67.42,1,0,4
56.98,35.51,71.96,0,0,2
34.29,29.77,31.11,0,1,8
40.32,39.36,79.68,0,0,2
31.48,30.37,69.89,0,1,9
31.97,26.04,35.04,0,0,7
45.49,24.7,25.39,0,0,9
67.53,36.49,75.74,0,0,2
47.33,35.92,72.38,0,0,5
58.62,25.47,61.67,0,0,4
64.38,40.54,52.31,1,0,6
16.19,37.47,45.78,0,1,7
42.48,26.6,49.07,1,0,0
54.1,41.45,74.86,0,0,4
45.99,38.41,50.55,0,0,10
69.14,26.23,60.37,0,0,1
79.92,28.17,72.37,1,0,10
10.4,31.65,59.98,0,1,9
77.28,42.29,79.44,0,0,0
26.24,20.36,73.5,0,0,4
12.73,40.93,63.37,0,1,3
70.51,34.67,60.67,1,0,4
40.96,37.68,47.25,0,0,2
70.79,29.48,46.0,0,0,2
42.85,31.08,54.59,1,0,10
60.06,34.83,23.73,0,0,9
35.37,41.59,27.7,1,0,1
13.81,36.11,88.2,0,1,4
20.93,35.9,61.95,0,1,5
41.86,36.69,78.62,0,0,5
57.98,20.62,32.0,0,0,3
66.2,44.02,57.52,0,0,7
50.08,26.93,84.49,0,0,1
16.64,34.85,69.18,0,1,7
15.92,35.17,81.67,1,0,9
24.79,41.57,82.03,0,1,10
66.01,42.11,28.77,0,0,4
72.82,35.57,88.14,0,0,4
14.37,28.38,24.69,1,0,4
56.85,42.3,41.42,0,0,0
14.97,25.27,36.06,0,1,1
75.97,21.87,50.69,0,0,5
63.15,44.19,50.78,0,0,4
24.51,35.76,35.38,0,1,7
27.95,28.88,67.18,0,1,9
21.91,42.46,74.38,0,1,4
20.84,22.07,53.92,0,1,7
43.49,39.51,41.25,0,0,4
15.76,31.49,41.45,1,0,6
29.73,29.1,33.35,0,1,9
56.7,39.43,80.35,0,0,1
68.81,44.74,82.27,0,0,6
46.59,31.77,65.92,0,0,10
68.68,29.04,80.19,0,0,5
58.9,30.4,55.97,1,0,6
67.25,32.75,71.54,0,0,0
26.09,33.82,46.05,0,1,5
19.22,41.37,31.57,1,0,5
22.8,40.64,40.0,1,0,2
49.11,29.28,75.0,0,0,7
35.72,22.18,58.97,1,0,9
22.26,36.82,35.44,0,1,4
46.54,34.72,72.62,0,0,9
65.48,35.68,72.52,0,0,9
48.8,24.99,40.58,0,0,0
12.8,27.29,34.53,0,1,10
51.3,20.16,74.08,1,0,10
44.11,30.75,61.78,1,0,6
37.85,40.69,31.95,0,0,1
13.18,36.17,35.87,0,1,4
45.69,32.53,23.52,0,0,3
69.71,43.21,89.75,1,0,0
41.43,25.94,23.47,1,0,10
52.58,27.03,32.14,0,0,8
23.99,21.39,59.79,0,1,7
26.59,36.93,59.6,1,0,0
35.61,27.95,72.46,0,0,5
64.27,25.86,44.16,0,0,7
30.56,21.04,64.6,0,0,2
57.49,27.94,79.37,1,0,5
45.44,28.76,83.91,0,0,2
57.47,33.58,44.28,0,0,3
31.83,28.5,25.53,0,0,2
16.23,44.79,57.87,1,0,0
36.08,43.22,24.33,0,0,7
51.66,23.76,87.77,0,0,7
23.26,20.13,24.21,1,0,1
62.77,34.45,83.31,1,0,3
75.91,39.61,52.37,1,0,9
60.2,41.4,44.97,1,0,9
31.97,37.28,39.01,0,0,3
33.95,30.75,78.17,0,0,2
18.18,37.05,86.49,0,1,0
21.51,22.91,58.27,1,0,8
56.11,43.29,77.47,0,0,6
58.98,30.27,59.24,1,0,6
67.86,40.02,27.31,0,0,7
35.31,22.3,60.96,0,1,6
51.64,38.47,22.27,0,0,10
22.08,34.2,40.75,1,0,6
39.65,39.84,22.22,1,0,5
34.33,21.26,23.69,0,0,7
25.28,44.74,60.21,0,1,6
35.14,40.59,77.45,0,0,9
21.08,21.29,59.01,0,1,7
42.67,32.05,78.86,0,0,5
66.59,40.59,46.92,0,0,7
24.3,20.42,67.54,0,1,4
47.21,20.82,53.29,0,1,6
55.79,35.48,43.25,1,0,5
39.24,22.91,62.9,1,0,6
15.38,28.87,58.55,0,1,2
32.38,30.95,82.95,1,0,7
34.84,30.33,67.31,0,0,2
48.94,20.73,83.51,0,0,3
21.77,41.98,58.99,0,1,9
77.81,26.56,41.91,1,0,7
75.4,42.91,64.48,0,0,6
16.4,27.87,23.01,1,0,2
61.2,40.61,30.25,1,0,6
76.02,25.93,27.53,1,0,5
27.58,41.11,53.88,0,1,5
73.11,25.38,81.9,0,0,4
10.45,44.46,87.6,0,1,9
24.76,41.43,77.43,0,1,8
38.01,39.58,38.61,1,0,0
79.83,24.78,52.18,0,0,2
75.7,24.53,63.59,0,0,10
48.25,30.43,31.22,0,0,3
65.8,38.11,68.33,0,0,8
13.67,23.99,43.49,0,1,8
11.66,40.87,88.23,0,1,10
74.85,30.49,23.54,0,0,1
10.68,41.45,71.18,1,0,0
65.12,27.66,22.82,0,0,8
78.17,33.6,39.27,1,0,3
73.3,29.37,58.49,0,0,7
66.4,25.61,35.83,1,0,10
16.29,24.83,23.54,0,1,4
15.85,25.28,72.67,0,1,4
60.93,32.11,68.57,0,0,4
24.6,27.41,83.76,0,1,9
28.77,29.03,48.59,0,1,8
67.91,34.62,43.63,1,0,4
54.91,26.5,82.03,1,0,10
18.55,22.78,65.37,1,0,3
19.88,33.64,27.39,0,1,8
61.66,29.01,66.99,0,0,6
12.1,31.11,55.32,0,1,1
65.57,36.49,60.45,1,0,9
78.96,39.2,50.41,0,0,2
33.12,34.11,79.54,0,0,1
40.07,26.97,29.04,0,0,4
11.13,40.46,22.81,1,0,6
55.65,39.52,75.4,0,0,0
17.2,23.15,88.54,0,1,3
32.7,36.91,61.6,0,0,2
50.28,30.73,39.31,1,0,1
58.46,25.83,63.77,1,0,9
27.58,36.26,34.86,0,1,9
13.15,38.35,43.89,0,1,1
38.8,23.16,21.95,0,0,1
28.1,20.7,64.2,0,1,8
22.23,27.4,66.47,1,0,3
50.38,34.1,55.02,0,0,4
52.06,28.52,84.21,0,0,4
69.61,44.79,70.88,1,0,7
52.38,27.7,78.63,0,0,3
30.71,20.03,39.04,0,0,5
32.81,23.19,50.97,0,0,3
56.55,33.91,43.99,0,0,0
68.21,42.96,65.49,0,0,0
55.14,27.21,40.91,1,0,3
59.85,28.91,37.81,0,0,4
67.07,42.36,77.65,1,0,6
66.86,29.6,66.64,1,0,5
26.82,22.37,42.04,0,1,10
68.08,44.42,48.33,0,0,10
72.39,31.6,42.4,0,0,2
38.19,36.81,67.75,0,0,0
35.53,38.46,66.66,0,0,2
59.04,38.84,81.1,0,0,3
16.48,39.51,67.16,1,0,5
44.44,39.91,36.28,0,0,3
77.44,22.7,53.49,0,0,7
16.02,21.43,27.38,0,1,8
26.36,35.94,77.4,0,1,6
29.03,29.98,61.9,0,1,10
78.39,33.62,29.5,1,0,0
54.87,31.65,33.3,1,0,6
75.91,33.24,71.27,1,0,10
68.32,27.58,87.66,0,0,8
57.33,27.68,45.9,0,0,0
32.26,34.49,44.19,1,0,6
15.37,24.15,24.28,0,1,2
41.62,28.87,48.05,0,0,2
79.01,20.0,62.98,0,0,7
55.38,21.54,76.96,1,0,5
19.47,24.94,32.64,0,1,5
38.1,28.45,28.88,0,0,1
12.67,35.5,68.87,0,1,1
51.67,41.8,60.39,0,1,6
30.68,33.25,67.49,0,0,2
37.74,27.41,30.04,0,1,8
36.01,35.36,56.66,0,0,10
45.17,25.02,42.05,1,0,6
64.84,26.93,85.86,0,0,3
79.14,28.14,47.59,0,0,9
38.38,32.91,60.65,1,0,7
72.65,23.73,75.01,0,0,8
78.78,22.15,77.01,0,0,6
40.79,36.1,46.67,0,0,4
23.25,31.48,72.65,1,0,2
23.78,31.03,33.96,0,1,10
65.98,33.87,77.82,0,0,1
41.18,20.36,37.32,1,0,8
52.36,25.51,63.8,0,1,6
14.17,35.11,73.46,0,1,5
48.01,29.35,63.77,0,0,9
22.91,25.06,47.07,0,1,2
45.82,32.08,46.79,1,0,5
43.21,20.18,21.81,0,0,3
71.46,33.95,87.19,0,0,2
13.08,24.63,57.89,0,1,6
33.13,34.73,51.8,0,0,0
21.89,23.17,28.63,0,1,1
21.63,21.48,68.35,1,0,8
19.98,29.55,58.83,0,1,8
13.88,28.28,73.62,0,1,8
50.57,20.56,89.2,0,0,3
51.96,38.22,42.08,0,0,9
16.79,24.48,75.83,0,1,4
17.87,28.3,74.71,0,1,6
55.32,41.09,42.74,0,0,8
61.12,32.25,64.15,1,0,5
22.66,39.98,43.39,1,0,5
36.05,33.05,24.76,0,0,10
58.44,23.5,49.11,0,0,4
49.8,21.48,64.3,1,0,6
21.11,43.73,81.57,1,0,7
38.64,28.86,41.2,1,0,8
39.29,28.95,61.56,0,0,10
55.91,24.97,42.05,0,0,0
61.96,20.63,44.84,1,0,7
58.95,28.26,72.13,0,0,3
61.45,35.25,54.17,0,0,4
73.84,21.52,68.58,0,0,4
10.45,32.41,39.99,1,0,9
50.94,43.54,32.21,0,0,10
12.17,37.86,45.32,0,1,7
72.76,24.91,21.58,1,0,2
51.17,27.9,63.89,1,0,10
62.49,42.83,60.05,0,0,8
22.68,39.77,46.93,0,1,1
51.28,21.68,78.21,0,0,5
64.09,37.87,60.53,0,0,9
52.34,29.69,80.44,0,0,8
75.29,20.5,30.76,1,0,9
56.38,40.19,82.01,1,0,6
79.79,38.0,40.11,1,0,3
19.63,20.02,83.23,0,1,8
45.0,36.87,36.73,1,0,3
45.86,37.01,85.22,0,0,3
15.86,29.65,46.18,1,0,6
20.63,28.21,23.81,0,1,8
61.05,34.38,34.48,0,0,8
20.31,25.16,41.93,0,1,9
38.37,26.73,33.9,1,0,5
67.76,39.88,42.66,1,0,7
56.04,36.04,21.79,1,0,0
17.63,26.21,42.19,1,0,5
48.21,43.16,80.99,1,0,9
20.27,37.26,86.15,0,1,3
13.76,36.73,36.19,0,1,8
14.46,24.43,20.36,0,1,1
57.79,25.89,86.05,1,0,4
70.1,23.29,69.35,1,0,5
55.28,35.62,64.68,0,0,7
60.22,31.89,79.44,0,0,6
67.44,36.92,64.52,0,0,8
45.78,35.11,52.26,1,0,4
59.66,22.64,78.72,0,0,2
31.3,23.48,62.84,0,0,0
13.3,44.04,67.54,0,1,1
58.66,35.74,80.44,0,0,7
37.52,23.48,20.75,0,0,7
13.93,26.39,56.93,0,1,0
40.85,42.0,55.39,0,0,1
14.42,29.92,53.18,0,1,5
51.68,30.38,49.55,1,0,8
72.65,41.33,67.15,0,0,2
13.22,43.27,66.26,1,0,9
79.7,30.88,84.45,0,0,0
49.95,31.97,80.35,0,0,8
74.05,41.1,71.96,0,0,10
61.3,41.9,70.59,0,0,5
18.34,32.81,44.42,0,1,0
60.31,22.77,22.49,1,0,0
13.77,24.75,22.73,0,1,1
41.65,38.48,68.06,1,0,1
70.3,41.65,20.69,1,0,0
12.64,40.2,42.45,0,1,9
27.4,33.46,89.45,1,0,5
28.7,33.37,80.11,0,1,10
26.43,40.47,43.61,1,0,9
79.43,43.78,29.59,0,0,5
23.1,33.89,40.4,0,1,6
78.42,40.2,71.62,0,0,5
76.74,21.51,40.84,0,0,0
21.5,39.58,28.57,0,1,6
32.84,20.52,73.26,0,0,2
48.12,21.95,86.88,0,0,4
19.73,31.0,53.8,0,1,4
68.55,32.56,21.01,1,0,0
23.95,27.1,40.23,0,1,6
62.82,31.14,61.46,1,0,3
31.72,32.58,75.75,1,0,1
56.44,22.96,48.1,1,0,3
38.95,21.0,39.18,1,0,5
34.66,21.08,32.54,0,0,10
59.42,32.59,78.04,0,0,8
36.71,39.38,43.98,0,0,5
54.33,31.26,57.18,1,0,6
53.78,40.21,24.83,0,0,9
54.5,28.9,30.4,0,0,3
48.64,26.05,49.82,1,0,3
49.51,43.32,61.06,0,0,9
59.89,24.83,52.99,0,0,10
46.21,30.33,33.95,0,0,3
32.13,21.39,62.69,0,1,9
24.15,33.64,34.49,0,1,5
73.76,20.15,53.87,0,0,7
34.0,22.79,59.93,0,1,8
61.91,33.67,81.91,0,0,9
23.68,24.16,84.15,0,1,0
72.32,22.87,20.27,0,0,8
51.82,42.02,23.47,0,0,7
71.08,22.18,54.12,0,0,4
41.14,32.23,44.62,1,0,0
30.95,30.77,41.85,1,0,0
69.39,29.08,75.58,1,0,0
33.75,33.61,22.87,1,0,6
13.59,30.05,67.16,0,1,0
34.99,35.87,33.05,1,0,6
17.9,34.91,53.93,0,1,10
25.12,44.18,70.06,1,0,3
72.86,33.13,69.51,0,0,0
56.67,32.77,50.01,0,0,1
78.41,26.06,66.43,1,0,9
20.72,38.2,62.02,1,0,1
69.89,30.46,41.66,1,0,1
44.81,24.46,27.57,1,0,5
51.81,29.84,53.14,1,0,5
24.49,41.29,25.9,0,1,5
22.73,30.76,31.58,1,0,4
18.34,23.51,40.05,0,1,4
32.54,33.99,80.06,0,0,7
31.44,26.63,68.73,0,0,2
28.12,21.32,70.83,0,1,6
43.76,21.43,32.22,1,0,2
53.2,44.25,70.93,1,0,4
60.48,24.59,42.99,0,0,0
52.17,32.24,57.01,0,0,8
60.96,40.33,38.02,1,0,4
40.54,36.46,50.64,0,0,9
19.58,21.74,82.54,0,1,4
32.95,38.43,22.57,0,1,8
74.44,20.3,58.7,1,0,9
32.72,36.82,43.61,0,0,7
26.56,32.09,50.04,0,1,8
41.98,41.14,28.0,0,1,8
63.81,21.55,60.38,0,0,8
38.16,30.62,46.8,1,0,1
40.65,41.1,38.37,0,1,6
53.17,41.52,44.23,0,0,1
53.21,42.12,36.2,0,0,7
77.64,44.25,80.55,0,0,0
46.2,41.2,67.96,0,0,7
63.04,27.05,42.26,1,0,9
17.93,24.3,58.31,0,1,4
27.48,28.58,79.64,0,1,5
62.62,42.66,72.04,0,0,9
52.22,21.99,67.82,1,0,4
34.21,20.88,72.23,1,0,7
47.61,24.8,70.35,0,0,4
69.15,31.91,66.88,0,0,1
31.07,24.6,72.95,0,0,2
58.71,43.61,89.69,0,0,10
78.93,25.23,29.12,0,0,0
68.7,40.21,42.25,0,0,3
67.17,42.13,26.07,0,0,9
54.42,35.53,28.45,1,0,5
62.6,43.53,67.36,0,0,1
40.01,35.71,35.06,0,0,9
75.06,25.12,75.86,1,0,4
37.94,26.06,34.24,1,0,4
13.29,28.47,48.36,0,1,1
40.42,41.74,32.65,1,0,4
32.84,38.9,47.56,0,1,8
61.97,25.71,24.09,0,0,1
35.85,36.59,28.28,1,0,9
50.83,42.11,30.62,0,0,7
65.7,21.94,39.76,0,0,5
10.51,37.29,66.29,0,1,6
31.75,32.86,79.98,0,0,7
50.74,39.95,80.51,0,0,9
62.98,37.23,80.45,1,0,3
17.78,20.76,70.88,1,0,0
67.85,33.94,23.82,1,0,9
38.12,32.57,78.76,0,0,4
22.3,32.83,70.08,1,0,1
10.67,21.88,46.31,1,0,6
79.17,32.13,32.54,1,0,6
27.83,28.8,69.39,0,1,9
60.43,27.05,32.9,0,0,0
13.29,20.49,33.22,0,1,8
39.98,20.68,74.85,0,0,7
72.53,30.82,57.49,0,0,7
45.68,42.72,74.96,0,0,9
75.17,21.26,58.31,1,0,7
20.0,34.5,39.78,0,1,4
79.92,21.37,60.5,0,0,0
61.1,28.94,24.47,0,0,2
31.23,44.16,86.13,0,0,1
73.67,20.15,76.75,1,0,0
49.91,35.25,85.97,1,0,6
28.03,31.25,68.5,1,0,10
70.7,43.9,36.57,1,0,6
21.84,44.44,79.73,0,1,7
14.13,26.79,27.26,0,1,7
79.32,35.28,45.97,1,0,9
10.96,42.39,22.03,0,1,2
33.51,32.85,75.77,0,0,7
26.68,25.61,55.32,0,1,3
22.98,24.55,55.9,1,0,10
59.49,36.36,81.08,0,0,10
50.82,37.95,46.04,0,0,7
28.37,34.53,70.27,0,1,5
77.07,26.19,44.36,1,0,2
32.61,42.23,31.24,0,0,3
18.37,25.76,27.45,1,0,6
34.74,27.89,54.37,0,1,8
10.48,39.1,55.99,1,0,1
65.04,30.13,20.19,1,0,9
16.2,36.92,24.49,0,1,10
29.48,29.89,68.1,1,0,9
42.22,25.44,29.36,1,0,4
14.82,32.09,35.41,0,1,2
18.8,27.24,36.71,0,1,1
60.57,20.18,55.64,0,0,4
78.35,43.87,76.01,0,0,5
60.16,28.97,38.75,0,0,7
62.26,20.31,65.11,0,0,3
14.26,37.54,20.69,0,1,0
22.32,41.66,51.09,0,1,3
30.57,31.16,70.89,0,0,2
13.68,22.61,59.83,0,1,6
20.95,38.79,59.78,0,1,9
28.25,32.96,70.56,0,1,2
54.22,32.97,23.58,0,0,9
30.75,43.24,28.72,0,1,6
28.07,31.6,29.33,1,0,1
21.45,27.6,63.48,0,1,10
53.99,30.97,22.71,0,0,5
55.25,31.46,57.01,0,0,0
15.97,41.65,54.94,0,1,5
40.24,44.98,35.42,0,0,9
20.19,41.93,56.97,0,1,5
73.75,30.89,29.04,1,0,10
32.1,35.54,35.39,0,0,10
19.35,29.67,77.48,1,0,4
45.49,34.3,85.26,1,0,9
33.87,44.94,38.45,0,1,9
55.8,44.95,25.25,0,0,3
78.21,44.39,24.57,1,0,6
71.55,32.86,57.74,0,0,1
73.83,30.98,22.8,0,0,0
14.5,34.82,77.75,1,0,1
42.83,43.21,64.88,0,0,1
75.2,28.46,83.97,1,0,5
34.87,37.06,66.36,1,0,4
32.1,23.13,65.89,0,1,9
19.78,37.89,88.1,1,0,4
15.39,36.77,77.49,0,1,10
19.61,43.44,44.64,0,1,10
23.47,22.55,83.78,1,0,6
13.41,41.09,50.66,0,1,7
16.39,38.92,60.77,0,1,8
23.26,30.03,86.35,0,1,3
13.43,34.32,77.36,0,1,5
29.88,44.87,87.66,0,1,8
53.8,34.52,71.92,0,0,0
58.26,27.09,68.57,0,0,6
70.1,44.07,63.98,0,0,8
33.0,35.06,42.56,1,0,5
59.23,40.86,23.93,1,0,9
76.52,27.5,21.34,0,0,6
12.34,34.49,31.66,1,0,4
25.24,35.53,23.37,0,1,10
20.1,38.97,55.04,1,0,7
55.21,25.82,30.97,0,0,10
68.29,32.34,83.81,1,0,10
10.16,44.6,83.43,0,1,9
27.66,42.88,38.6,1,0,6
76.31,25.14,62.96,0,0,4
41.7,43.64,67.38,0,0,3
14.97,40.46,43.5,0,1,7
45.93,22.68,49.64,0,0,9
68.8,33.62,26.07,0,0,3
34.78,36.4,57.61,0,0,1
11.24,22.57,32.05,0,1,6
68.27,44.79,31.45,0,0,2
58.0,25.66,29.23,1,0,10
17.49,39.52,83.71,0,1,1
25.24,21.96,60.14,0,1,6
75.83,43.82,36.75,0,0,9
14.71,26.7,83.85,0,1,3
28.0,37.98,21.97,0,1,8
42.04,22.39,82.87,1,0,1
38.36,34.9,27.52,0,0,2
73.88,24.43,20.49,1,0,1
38.96,36.97,36.58,0,0,3
65.66,23.39,88.42,1,0,1
30.96,22.5,39.02,1,0,0
28.25,22.31,47.96,0,1,8
39.13,24.16,89.03,1,0,3
11.3,23.59,66.06,1,0,8
27.06,27.65,53.82,0,0,1
61.23,24.35,45.29,0,0,9
18.95,34.56,40.99,0,1,6
67.12,30.8,75.75,0,0,8
66.95,37.87,37.42,1,0,9
20.1,22.34,21.17,1,0,1
41.48,28.63,32.09,0,0,10
21.38,43.99,79.61,1,0,1
34.04,20.48,68.29,1,0,4
40.47,33.13,33.97,1,0,9
20.19,41.95,38.84,1,0,8
51.19,25.27,36.57,0,1,6
50.48,34.94,71.73,0,0,4
41.37,32.2,34.3,0,0,10
45.52,31.04,29.15,0,1,6
66.06,31.28,70.31,0,0,5
53.31,22.04,35.24,0,0,7
42.42,32.17,85.44,0,0,5
19.06,29.4,26.94,0,1,2
22.71,27.56,23.56,0,1,8
74.86,37.76,49.32,0,0,8
78.92,36.66,39.98,0,0,9
40.09,27.66,87.35,1,0,2
60.23,39.42,67.14,0,0,8
17.03,32.73,21.73,0,1,1
37.26,38.32,67.93,0,0,7
54.47,21.04,34.48,1,0,2
17.25,37.56,40.96,0,1,9
57.62,40.64,30.26,0,0,1
12.21,23.04,64.32,1,0,8
63.88,40.27,48.02,1,0,5
46.42,20.93,25.65,0,0,5
16.12,43.41,77.79,1,0,10
47.94,44.21,30.35,1,0,7
13.49,23.75,57.63,0,1,4
78.8,33.41,55.18,0,0,4
49.68,43.31,66.62,1,0,7
76.73,42.58,69.96,1,0,4
57.91,32.58,73.56,0,0,3
67.35,33.41,80.2,0,0,8
15.87,36.08,73.38,0,1,8
27.72,40.09,77.25,1,0,6
41.85,38.84,29.27,0,0,4
28.25,27.42,20.04,1,0,1
15.54,31.19,27.13,0,1,7
53.62,28.9,75.22,0,0,1
26.5,37.84,81.16,0,0,4
39.25,21.11,40.24,0,1,6
59.02,38.97,27.41,0,0,9
23.42,31.86,45.3,0,1,8
50.91,39.92,43.87,1,0,3
68.24,30.09,43.33,0,0,0
74.24,42.71,62.32,0,0,0
17.48,25.97,86.45,0,1,8
21.94,31.18,34.73,0,1,9
48.09,33.79,44.96,0,0,2
33.01,26.95,32.91,0,0,1
63.17,25.15,69.65,0,0,10
44.25,27.15,70.59,1,0,2
50.84,31.57,77.28,0,0,1
34.68,38.07,42.35,1,0,6
28.73,32.98,36.41,0,1,9
76.06,44.41,46.34,1,0,7
18.91,42.87,54.55,0,1,1
28.55,36.8,23.64,0,0,7
36.84,40.93,80.57,0,0,2
18.06,34.7,66.69,0,1,6
23.65,27.84,63.44,0,1,1
75.32,35.94,76.13,0,0,5
78.68,38.51,28.26,1,0,7
11.92,30.09,89.55,0,1,1
13.52,21.57,33.11,0,1,2
62.19,44.89,66.6,0,0,4
31.08,26.22,46.06,0,0,3
38.52,44.66,23.91,0,0,7
42.2,26.98,45.86,0,0,0
46.89,34.04,31.96,0,0,5
60.61,32.69,54.94,0,0,1
11.1,29.0,26.29,0,1,0
58.82,36.07,74.79,1,0,7
54.71,23.53,84.44,0,0,10
15.08,37.58,48.18,1,0,10
28.39,39.18,84.87,0,1,5
65.23,37.04,82.21,0,0,1
34.55,39.32,76.22,0,0,3
49.6,20.38,74.64,0,1,6
23.33,29.17,27.41,0,1,7
76.91,21.76,44.85,0,0,1
73.79,33.85,32.21,0,0,5
21.14,28.85,49.36,0,1,3
74.39,22.37,58.09,1,0,6
52.47,24.17,75.82,1,0,2
42.47,24.35,43.62,0,1,8
48.49,35.49,66.44,1,0,3
71.8,31.82,56.38,0,0,0
68.98,32.52,88.7,0,0,1
72.97,43.52,66.96,0,0,7
68.49,44.04,74.26,0,0,0
69.06,24.87,77.88,0,0,0
14.37,29.6,51.11,0,1,10
40.25,44.16,51.66,0,0,0
77.51,37.95,89.48,0,0,2
34.51,22.08,70.72,0,0,2
59.22,20.54,64.18,0,0,10
41.02,29.4,45.71,0,0,7
72.2,32.1,70.99,0,0,0
75.34,38.09,60.4,0,0,0
57.95,37.69,45.2,0,0,9
23.53,43.77,48.61,0,1,7
26.62,44.47,47.05,0,1,8
27.02,38.62,31.78,0,0,4
73.02,36.62,27.37,0,0,3
67.72,30.44,25.12,0,0,5
58.85,26.71,89.95,0,0,10
12.63,34.23,84.45,1,0,6
76.85,42.99,41.78,0,0,7
42.6,26.01,52.89,0,1,8
54.25,32.59,24.21,1,0,10
33.69,43.39,83.85,0,0,4
61.89,40.69,87.75,1,0,6
22.16,37.25,65.19,1,0,4
54.0,33.93,71.98,0,1,6
39.88,36.22,70.91,0,0,1
79.34,26.95,54.87,0,0,0
74.31,31.01,58.41,1,0,6
71.14,21.49,82.2,0,0,1
38.96,27.48,72.37,0,0,5
37.72,24.98,49.74,0,1,6
61.47,39.93,38.86,1,0,8
14.08,26.56,50.52,0,1,3
37.11,39.61,54.5,0,0,1
27.65,32.27,25.29,0,1,10
48.69,22.87,28.83,0,0,3
11.47,38.07,22.27,0,1,5
79.96,35.56,50.17,0,0,1
13.47,22.37,22.3,0,1,1
23.39,35.39,48.4,0,1,7
78.73,37.28,81.82,1,0,1
66.8,21.38,57.67,0,0,2
76.26,38.16,35.38,0,0,10
77.83,37.85,84.73,0,0,5
47.81,38.74,70.93,0,0,7
53.58,20.25,33.64,0,0,4
44.47,40.92,31.46,0,0,1
59.42,25.96,47.21,0,0,9
36.03,20.65,35.52,1,0,3
15.6,31.86,20.7,0,1,6
64.0,42.88,79.82,0,0,3
24.47,41.85,22.13,0,1,6
24.66,33.43,71.61,0,1,1
77.18,36.9,83.54,1,0,1
15.6,28.99,80.09,0,1,2
74.83,20.23,25.28,0,0,10
44.98,21.53,70.02,0,0,5
66.35,44.18,38.8,0,0,5
58.75,36.8,36.85,1,0,8
33.39,33.05,61.0,0,0,10
11.81,27.13,58.78,0,1,1
76.86,26.0,42.65,0,0,3
57.35,24.75,77.31,0,0,6
37.05,30.51,59.35,0,0,5
71.69,21.95,69.48,1,0,7
36.34,43.14,55.21,0,0,3
61.77,22.17,66.84,0,0,1
60.33,27.17,37.49,0,0,10
58.66,35.41,53.8,0,0,7
50.71,33.34,61.75,0,0,10
46.41,31.87,38.09,1,0,10
75.56,27.71,80.87,1,0,3
12.54,22.55,70.99,0,1,4
24.06,27.64,56.72,0,1,9
47.86,40.46,32.02,1,0,2
34.2,38.58,50.67,1,0,10
75.09,43.7,24.85,0,0,0
27.91,30.18,67.44,0,1,6
44.62,42.37,38.74,0,0,10
60.71,24.74,82.46,0,0,3
40.66,30.22,50.02,0,0,1
27.58,28.01,29.45,0,1,10
35.13,40.21,47.16,1,0,1
62.98,28.3,72.11,0,0,4
55.25,41.83,22.92,1,0,0
70.11,35.84,37.72,0,0,6
55.88,25.83,80.51,0,0,5
47.07,30.02,40.82,0,0,4
15.09,39.75,35.24,0,1,2
61.86,36.55,44.89,1,0,9
31.32,20.62,20.27,0,0,1
42.15,40.45,85.09,0,0,5
25.91,28.48,54.87,0,1,3
67.66,41.43,49.06,0,0,1
42.8,34.78,82.08,1,0,6
39.94,34.9,26.28,0,0,5
70.04,31.85,20.29,0,0,0
34.12,24.02,59.42,1,0,9
72.2,31.05,30.0,1,0,1
49.91,41.55,53.4,1,0,8
40.37,38.69,89.98,1,0,4
49.05,27.61,26.05,0,0,9
22.29,24.44,84.06,0,1,8
51.87,35.05,24.52,1,0,0
78.26,25.81,81.69,0,0,9
70.9,35.9,31.53,0,0,4
20.98,20.38,41.89,0,1,7
34.85,32.05,55.22,0,1,6
71.23,43.47,76.36,1,0,3
38.72,28.32,28.75,0,0,1
42.72,27.14,87.31,0,0,4
20.36,22.47,60.59,0,1,10
47.48,39.71,77.27,1,0,2
33.36,27.91,74.18,0,0,7
56.66,40.19,55.61,0,0,0
75.28,41.49,69.68,0,0,3
75.25,39.26,72.34,0,0,9
46.23,23.11,87.35,0,0,1
16.23,32.79,84.3,1,0,1
37.32,22.65,66.93,0,0,1
74.03,24.17,28.48,0,0,3
33.17,40.94,41.69,0,1,8
15.02,25.67,85.2,1,0,5
11.36,28.18,63.96,0,1,2
54.04,29.26,35.83,1,0,7
26.37,25.02,70.06,0,1,9
50.47,43.95,55.22,0,0,1
33.54,28.22,39.94,0,0,4
23.38,39.22,38.59,1,0,5
15.26,33.39,79.81,0,1,8
17.44,41.05,53.8,0,1,5
73.05,43.25,46.85,0,0,8
17.81,22.89,76.11,0,1,5
26.08,24.99,22.64,0,1,8
63.57,28.91,39.19,1,0,2
43.81,30.4,88.45,0,1,8
55.39,29.49,72.85,0,0,2
16.92,40.3,80.62,0,1,7
49.61,35.39,22.77,0,0,3
58.86,35.95,42.44,0,0,8
19.01,43.69,53.26,0,1,9
36.79,38.93,41.4,0,0,4
15.07,27.26,81.76,0,1,3
78.14,39.76,37.01,1,0,10
10.5,40.48,45.19,0,1,3
30.5,29.38,55.63,0,0,4
75.32,41.77,49.53,0,0,10
69.53,30.36,27.87,0,0,0
54.98,41.25,40.48,0,0,5
34.75,23.31,67.06,0,1,8
75.44,40.87,78.98,0,0,0
12.82,40.12,45.83,1,0,6
26.8,22.08,85.0,0,1,0
41.89,37.64,77.46,0,1,8
23.07,40.78,73.67,0,1,8
68.51,22.53,67.31,0,0,2
66.41,26.99,33.41,0,0,8
12.55,42.56,25.13,1,0,4
48.55,40.42,87.17,1,0,0
38.13,21.91,71.29,0,0,7
20.66,36.67,39.9,0,1,7
41.8,41.59,84.19,1,0,8
70.41,26.65,61.36,0,0,4
20.54,43.32,46.81,1,0,8
65.67,23.39,51.33,1,0,0
75.09,32.09,54.33,0,0,8
41.86,33.9,48.28,0,0,0
29.86,30.91,64.37,0,1,9
37.17,26.06,84.71,0,0,2
40.27,35.58,25.21,0,0,7
14.08,43.03,81.21,0,1,0
33.49,39.13,50.29,0,1,6
11.29,36.35,63.3,0,1,2
79.62,32.05,72.92,0,0,8
51.47,40.89,23.06,0,0,9
77.74,28.04,89.88,1,0,0
28.32,21.67,21.97,0,1,5
60.68,25.3,27.36,0,0,6
46.2,42.7,76.31,0,0,4
59.07,22.83,74.1,0,0,9
71.56,30.25,53.74,0,0,5
43.51,24.31,72.66,1,0,0
56.99,24.05,54.05,1,0,7
23.82,44.6,71.54,1,0,8
19.28,39.37,38.54,1,0,2
53.83,42.28,55.4,0,0,2
55.89,25.98,39.64,1,0,3
46.28,31.55,42.01,0,0,2
14.91,41.61,54.97,0,1,1
53.69,23.3,72.94,0,0,10
72.08,29.46,72.48,0,0,10
77.33,36.32,51.93,0,0,9
78.7,23.37,42.04,0,0,0
74.56,34.81,46.59,0,0,8
74.02,22.83,73.02,1,0,9
72.06,26.58,35.72,0,0,6
76.31,29.23,29.49,0,0,5
75.38,24.59,37.69,0,0,0
65.63,31.41,31.95,0,0,3
69.8,39.54,27.25,0,0,7
75.64,42.81,86.23,0,0,0
47.85,44.2,37.86,1,0,10
17.7,43.69,49.64,0,1,9
13.22,33.6,43.7,0,1,6
58.71,24.11,72.76,1,0,2
51.99,37.39,77.78,0,1,6
70.39,24.07,76.87,1,0,6
68.32,43.24,63.99,0,0,0
13.54,21.1,70.43,0,1,0
32.8,40.43,48.62,0,0,10
15.58,21.21,51.36,0,1,5
32.45,44.1,64.91,0,1,9
71.25,27.54,26.62,1,0,9
49.92,21.34,29.83,0,0,0
45.28,33.62,39.85,1,0,8
33.87,44.05,58.32,0,0,0
21.25,44.46,31.1,0,1,0
54.76,23.23,50.12,0,0,1
56.9,21.8,37.97,1,0,0
65.25,20.78,87.68,0,0,1
35.38,21.66,89.25,0,0,10
40.99,43.72,37.22,0,0,1
38.19,25.2,76.94,1,0,8
26.54,22.45,60.33,0,1,9
75.95,32.96,44.66,0,0,10
74.54,24.88,87.24,0,0,6
37.74,37.35,54.25,0,0,3
41.85,31.77,69.46,1,0,2
55.2,20.34,31.35,1,0,4
63.23,44.62,86.2,0,0,8
26.39,26.74,65.83,0,1,9
43.61,29.33,54.53,0,0,1
57.19,35.83,26.96,0,0,10
28.41,24.09,45.39,0,1,8
16.25,30.77,32.24,1,0,6
50.58,35.47,39.8,1,0,6
30.04,30.6,65.49,0,0,10
14.31,24.06,82.65,0,1,4
31.1,35.65,30.54,0,0,0
50.96,32.83,54.7,0,0,4
51.8,30.6,51.27,0,0,8
31.34,37.2,80.48,0,0,4
16.01,37.85,33.74,0,1,0
55.72,23.71,58.8,0,0,9
13.86,42.2,69.21,0,1,2
40.22,40.44,79.01,0,0,4
25.93,26.99,28.92,0,1,2
41.55,38.84,86.89,1,0,3
49.02,26.4,65.56,0,1,6
72.48,31.47,67.39,0,0,4
52.54,30.12,35.76,0,1,6
69.19,35.27,22.81,1,0,0
36.85,40.92,65.56,0,0,0
30.4,28.4,41.59,0,0,0
44.8,36.69,20.89,1,0,0
16.66,21.36,70.78,0,1,2
71.44,40.33,87.05,1,0,0
17.65,29.93,43.58,0,1,6
24.89,35.09,55.25,1,0,1
38.34,32.66,88.01,0,0,7
48.98,43.66,49.05,0,0,5
49.3,24.65,35.71,0,0,9
17.9,35.24,77.44,0,1,7
65.09,21.41,45.86,0,0,0
77.14,43.28,75.26,1,0,2
48.33,36.01,38.16,0,0,1
68.52,23.72,51.93,0,0,2
65.23,28.77,48.33,0,0,4
71.24,39.29,49.25,1,0,8
42.13,25.96,85.93,0,0,5
76.2,30.22,66.34,0,0,6
41.47,24.72,55.55,0,0,4
67.51,20.71,64.16,0,0,9
37.48,28.55,78.26,0,1,6
16.58,43.78,63.56,1,0,5
50.66,37.86,84.17,1,0,3
37.6,20.03,28.41,0,0,2
36.81,25.55,77.72,0,1,8
76.08,21.2,79.51,1,0,5
79.32,25.24,20.82,1,0,0
31.32,24.4,75.06,0,0,4
68.84,41.19,74.01,1,0,1
24.78,27.83,32.52,1,0,8
43.1,20.98,64.7,0,0,5
77.99,30.95,80.27,0,0,4
61.07,28.68,67.67,0,0,8
40.83,42.53,72.55,0,1,8
46.91,42.16,78.65,1,0,0
32.86,35.58,23.94,0,1,6
78.2,21.16,44.9,0,0,8
58.24,32.86,34.01,0,0,5
64.53,20.5,82.33,0,0,1
62.67,38.83,70.14,0,0,7
54.96,20.96,63.5,1,0,8
32.16,36.78,22.2,1,0,0
70.97,28.56,73.88,0,0,9
46.95,32.94,60.45,1,0,7
15.15,21.34,85.63,0,1,4
48.89,38.49,54.95,0,0,2
31.82,27.66,78.65,0,0,10
19.91,42.06,60.77,0,1,8
39.01,37.24,44.08,0,0,10
17.0,20.84,59.23,0,1,0
12.17,33.85,73.34,0,1,6
12.34,29.17,36.59,0,1,8
20.12,37.38,29.95,0,1,4
48.78,43.27,20.37,1,0,2
19.78,22.4,49.72,1,0,1
66.45,24.49,87.17,0,0,10
16.13,35.85,84.02,0,1,1
15.51,35.09,31.48,1,0,7
79.28,29.43,51.13,0,0,7
74.5,23.22,51.2,1,0,1
27.3,38.71,38.34,1,0,5
49.16,20.36,25.67,0,0,5
59.93,36.49,63.73,0,0,10
68.83,36.2,43.71,0,0,6
27.43,28.11,43.4,0,1,5
54.14,38.74,50.61,1,0,2
12.16,41.98,20.91,1,0,5
33.94,43.11,21.71,0,1,6
28.45,43.87,62.25,1,0,2
10.05,43.42,31.52,0,1,8
12.65,23.08,89.04,0,1,0
17.49,37.99,79.82,0,1,4
26.75,30.38,63.06,0,1,2
26.09,32.9,37.74,1,0,8
49.68,28.86,46.68,0,0,10
48.97,41.37,85.07,0,0,9
37.47,30.13,28.79,1,0,8
71.36,23.96,51.9,0,0,5
42.98,30.28,36.56,1,0,0
42.53,40.52,63.02,1,0,10
18.29,20.34,41.23,0,1,1
45.86,23.38,59.97,0,0,7
19.55,24.92,23.87,0,1,7
53.91,27.91,88.12,0,0,7
78.91,27.44,61.98,1,0,1
75.81,42.3,57.49,0,0,6
40.5,25.61,47.2,0,0,1
42.01,33.74,82.15,0,0,9
61.23,29.59,86.15,0,0,5
45.25,40.04,50.91,0,0,0
59.42,32.26,38.04,1,0,6
32.72,39.54,73.13,0,1,9
79.45,23.26,75.72,0,0,0
56.84,38.31,50.25,0,0,10
27.14,37.01,28.49,0,1,0
17.57,30.91,88.04,0,1,3
75.83,26.52,79.73,1,0,6
21.82,40.55,73.85,0,1,7
12.61,31.13,27.92,0,1,7
72.22,21.21,59.43,0,0,5
21.47,29.54,29.86,0,1,8
75.23,26.97,86.51,0,0,9
64.93,40.66,83.96,1,0,7
20.52,20.96,81.52,0,1,6
78.73,42.45,29.0,0,0,3
75.51,25.85,25.91,0,0,9
73.41,32.91,30.76,1,0,2
11.29,26.76,76.33,0,1,4
58.18,25.49,50.71,1,0,2
30.84,36.49,29.59,0,0,2
29.18,27.87,28.18,0,0,4
41.87,42.71,27.31,1,0,2
34.17,44.78,27.14,0,1,9
62.96,26.43,68.55,0,0,3
57.1,41.08,47.92,0,0,8
31.03,40.08,39.04,1,0,6
44.85,41.05,76.09,0,0,9
62.16,25.34,20.75,1,0,3
66.43,28.84,64.95,0,0,6
65.61,22.47,39.0,1,0,8
47.34,21.32,51.99,1,0,9
59.35,31.27,27.05,1,0,9
43.01,37.77,50.73,0,0,2
77.22,37.33,76.1,0,0,8
22.82,36.07,42.94,1,0,5
28.0,43.72,31.88,1,0,3
10.69,25.95,77.42,0,1,8
40.49,30.37,71.29,0,1,6
29.77,33.88,71.13,0,1,6
44.02,27.84,29.93,0,0,9
72.51,31.2,57.13,0,0,3
13.64,42.11,80.39,0,1,5
19.41,28.0,83.94,0,1,5
27.33,40.18,73.41,0,1,0
66.08,35.11,33.9,0,0,10
53.87,37.12,28.78,1,0,1
56.44,30.21,39.63,1,0,9
22.02,33.25,40.3,0,1,2
78.95,20.72,43.67,0,0,10
75.35,41.68,36.35,1,0,10
49.28,31.88,75.34,0,0,1
37.74,44.1,57.73,0,0,10
39.08,30.07,22.53,0,0,9
11.55,27.59,84.47,0,1,4
26.91,36.81,33.77,1,0,8
59.46,32.49,80.9,0,0,7
77.39,23.17,49.44,0,0,10
11.37,40.14,27.57,1,0,6
67.12,40.06,54.05,0,0,0
30.17,25.9,71.14,0,1,8
70.78,27.37,20.13,0,0,8
30.22,23.73,36.87,1,0,9
33.12,20.49,29.46,0,1,9
24.51,29.44,42.17,0,1,1
49.69,37.09,20.2,1,0,7
36.41,36.6,37.86,0,0,4
31.38,23.94,32.18,1,0,8
72.87,38.29,45.69,0,0,4
31.94,27.38,71.34,1,0,2
21.42,26.23,43.93,0,1,5
35.17,23.15,61.25,0,1,8
41.63,39.92,61.33,0,0,7
59.19,39.82,64.04,0,0,4
32.96,36.51,71.13,0,0,0
35.19,36.7,22.84,0,0,4
74.5,44.46,20.75,0,0,6
79.73,22.58,32.65,0,0,0
65.55,22.14,32.84,1,0,7
10.98,36.43,45.56,0,1,2
14.39,40.39,54.63,0,1,6
55.45,24.09,22.36,0,0,8
22.55,25.64,21.76,1,0,0
51.15,41.18,50.89,0,0,5
77.86,37.33,24.96,0,0,4
53.24,36.11,21.98,1,0,9
43.56,32.84,36.82,0,1,6
24.08,24.47,43.64,0,1,0
53.15,44.65,64.8,1,0,2
37.7,27.47,80.69,1,0,2
17.38,24.62,43.88,0,1,10
14.55,40.63,28.82,1,0,4
73.25,22.77,32.4,0,0,3
40.23,39.65,52.37,1,0,4
33.47,35.2,60.3,0,0,10
11.87,20.31,81.59,0,1,10
12.3,31.7,65.26,1,0,5
68.39,32.24,73.38,1,0,10
29.74,33.27,23.62,0,1,2
19.28,25.83,51.74,0,1,7
55.56,44.2,80.41,0,0,1
20.94,30.93,47.78,1,0,2
42.82,27.34,39.41,0,0,2
39.64,32.87,31.95,0,1,6
28.06,32.29,88.29,0,1,0
42.93,43.91,73.67,1,0,8
60.1,39.7,69.29,0,0,2
29.28,40.18,45.69,0,1,10
50.83,33.46,51.81,0,1,6
39.68,21.66,20.11,0,1,6
78.65,28.76,51.65,0,0,3
72.14,27.95,31.62,1,0,3
43.12,35.76,83.55,0,0,4
31.65,22.92,89.01,0,1,9
12.13,37.82,23.24,0,1,0
39.4,24.8,43.37,1,0,7
38.97,26.75,34.48,0,0,3
28.2,34.69,38.29,1,0,8
65.0,36.84,28.05,0,0,0
74.26,42.8,71.73,0,0,6
76.98,28.25,87.35,1,0,7
47.29,35.97,86.73,0,0,0
52.79,44.1,26.69,0,0,10
21.98,41.83,69.34,0,1,3
64.74,23.89,47.44,0,0,0
39.37,27.91,22.49,0,1,8
45.97,25.79,32.69,1,0,7
72.9,43.53,80.72,0,0,7
79.6,33.89,31.91,0,0,1
31.65,27.02,88.06,0,0,2
65.09,22.91,45.21,1,0,10
22.99,36.29,69.88,0,1,0
20.4,30.35,53.84,0,1,4
21.39,32.23,75.57,0,1,4
47.62,20.56,51.09,1,0,6
54.46,42.74,21.26,0,0,4
50.39,23.8,32.37,0,0,8
42.95,41.95,61.01,0,0,4
56.14,29.95,55.95,1,0,7
37.17,22.39,84.02,0,1,6
38.92,30.14,67.57,0,0,0
64.04,40.71,31.94,1,0,3
57.87,39.8,40.49,0,0,4
72.99,31.2,39.21,0,0,3
22.23,24.97,39.65,1,0,5
57.43,24.32,44.12,0,0,5
21.1,27.82,27.41,0,1,9
42.92,41.84,73.4,0,0,0
69.31,20.24,48.2,1,0,2
10.61,43.19,24.64,0,1,10
55.88,30.46,69.99,1,0,0
71.56,32.19,64.14,0,0,9
54.82,41.94,49.27,1,0,7
50.01,42.57,47.61,1,0,0
16.84,20.37,31.28,1,0,9
50.77,44.65,64.55,1,0,10
70.36,27.09,68.07,0,0,8
72.62,33.56,88.49,1,0,5
76.29,32.62,82.1,0,0,2
39.75,26.89,38.55,0,0,7
31.42,43.18,61.2,0,0,1
23.79,30.32,35.94,0,1,4
40.85,31.97,82.79,0,0,1
71.63,30.84,48.85,0,0,9
75.18,44.03,20.92,0,0,3
27.66,40.27,86.3,0,1,6
48.21,20.86,31.93,0,0,3
59.7,33.34,30.07,0,0,2
22.33,35.16,43.58,0,1,10
55.4,27.74,62.43,0,0,3
56.08,26.6,20.84,0,0,9
36.33,21.58,83.95,0,0,0
74.95,40.71,42.61,0,0,0
62.37,42.65,80.45,0,0,5
60.65,40.15,40.26,0,0,10
61.99,41.16,24.47,0,0,4
73.05,40.59,67.79,1,0,4
75.98,40.8,63.64,0,0,0
34.92,27.1,32.33,1,0,7
41.79,29.65,88.75,0,0,7
18.45,30.65,40.13,0,1,8
61.39,20.77,63.22,1,0,1
18.65,22.53,62.68,0,1,4
64.41,40.8,45.29,0,0,5
32.93,25.25,54.43,0,0,5
66.42,26.33,37.43,0,0,4
65.44,23.18,47.9,0,0,4
69.25,32.26,22.59,0,0,4
18.85,44.34,36.14,1,0,5
66.84,27.99,31.45,0,0,9
11.13,22.93,32.94,0,1,7
72.71,21.44,29.85,1,0,9
32.64,20.58,55.02,0,0,3
43.36,39.09,38.08,0,0,9
48.65,38.82,39.74,0,0,1
12.84,23.07,34.21,0,1,8
12.56,35.51,40.6,0,1,10
31.98,31.49,36.58,0,0,3
18.9,21.81,81.5,0,1,5
36.98,33.36,78.94,0,0,10
38.75,38.01,55.81,1,0,2
31.61,27.31,75.88,1,0,6
50.14,41.34,36.93,1,0,8
61.27,43.33,66.0,0,0,3
14.29,33.14,54.77,0,1,4
43.73,23.11,35.0,0,0,7
41.8,25.97,78.49,1,0,8
58.67,30.45,59.59,0,0,10
54.62,37.91,35.7,0,1,6
74.73,22.81,26.64,0,0,6
75.33,43.46,83.99,0,0,0
10.51,21.52,50.02,0,1,9
37.68,24.37,79.42,0,0,3
19.8,28.05,60.5,0,1,3
32.75,23.95,43.7,0,1,6
52.47,35.67,64.66,0,0,1
20.34,30.7,33.7,0,1,8
25.09,22.1,53.8,0,1,5
61.45,22.76,80.35,1,0,0
67.96,23.94,61.6,0,0,8
69.32,28.92,27.58,0,0,5
21.99,36.69,62.66,0,1,6
14.4,37.16,45.65,1,0,7
37.3,41.59,85.05,0,0,3
25.06,40.63,89.1,0,1,6
29.22,40.6,20.37,0,1,0
71.26,20.67,59.34,0,0,4
69.72,26.61,56.37,0,0,9
76.79,39.38,76.25,0,0,9
39.79,33.74,67.49,0,0,5
15.58,30.74,58.8,0,1,5
58.12,29.31,38.37,1,0,5
54.62,33.84,20.8,0,0,7
75.98,40.45,61.14,0,0,2
57.59,33.97,63.75,0,0,2
21.58,44.44,27.55,1,0,4
12.89,26.27,68.28,1,0,4
33.84,27.53,60.48,0,0,5
63.25,43.19,52.08,0,0,6
27.74,21.86,27.26,1,0,0
56.13,26.81,81.01,0,0,2
17.09,41.81,55.53,1,0,3
18.76,21.04,39.71,0,1,6
68.33,31.36,70.37,0,0,2
59.17,35.85,88.93,0,0,0
78.32,26.42,51.93,0,0,4
46.22,30.81,89.42,1,0,9
17.81,40.99,89.8,0,1,6
70.14,25.71,35.41,0,0,4
76.1,40.3,71.93,1,0,6
42.5,26.33,55.35,0,0,7
70.04,26.66,56.02,0,0,8
35.9,38.52,74.89,1,0,2
24.32,28.45,52.89,0,1,0
40.88,38.34,63.75,1,0,0
52.85,30.82,24.97,0,0,2
71.17,23.0,51.58,1,0,7
46.38,39.29,56.59,0,1,6
60.13,23.39,40.39,0,0,6
40.3,32.33,38.59,1,0,0
26.72,21.05,63.67,0,1,6
55.07,33.77,37.54,0,0,2
71.62,44.02,82.51,1,0,0
58.25,43.48,37.5,0,0,10
57.55,26.31,61.07,1,0,6
32.6,32.03,63.21,0,1,6
51.72,20.78,31.92,0,0,9
34.86,30.18,48.64,0,0,7
22.97,35.86,77.28,0,1,0
55.93,25.26,42.28,0,0,10
73.63,35.95,73.84,0,0,1
67.43,41.35,32.05,0,0,2
28.61,30.96,22.12,1,0,4
29.17,25.0,36.23,1,0,0
10.6,21.19,33.4,0,1,7
57.33,37.55,70.46,1,0,9
31.76,44.61,78.22,0,0,4
69.02,32.02,34.42,1,0,3
20.71,32.64,48.92,1,0,3
51.95,31.91,85.3,0,0,3
59.06,43.17,46.28,0,0,1
75.94,21.61,48.17,0,0,9
47.58,42.77,79.26,0,0,5
51.25,33.3,38.65,1,0,9
45.1,33.02,51.39,0,0,2
43.32,23.06,84.96,0,1,8
65.83,23.85,63.76,0,0,9
58.3,28.37,68.68,0,0,10
19.74,25.92,51.36,0,1,5
23.96,27.69,22.96,0,1,4
63.02,28.92,89.27,0,0,2
41.76,32.67,68.12,0,0,3
13.13,27.41,39.61,0,1,0
31.68,33.05,66.46,0,0,1
66.74,44.41,65.13,0,0,4
15.59,30.45,86.0,1,0,3
75.44,41.02,65.06,0,0,8
38.29,25.54,55.84,0,0,7
50.16,31.12,66.79,0,0,1
66.1,43.59,26.89,0,0,5
69.26,32.63,72.36,0,0,4
44.55,42.02,47.81,0,0,9
34.49,37.71,45.75,0,0,4
44.51,39.64,86.33,0,0,4
24.68,42.12,63.14,0,1,3
15.2,44.43,79.05,0,1,10
66.68,37.39,73.6,0,0,5
35.83,38.05,32.19,0,1,8
42.27,36.85,57.91,1,0,5
36.8,26.28,62.29,1,0,7
55.58,41.41,27.87,0,0,8
24.12,21.96,75.17,1,0,6
69.8,37.17,56.41,1,0,5
59.65,21.25,24.86,1,0,5
66.39,39.78,60.7,1,0,1
70.4,22.0,74.46,0,0,7
55.78,43.07,23.97,0,0,10
31.05,34.45,46.32,0,0,2
71.54,40.32,66.54,0,0,3
76.44,44.97,36.48,1,0,4
30.05,39.11,57.77,0,0,5
11.58,37.17,40.58,0,1,6
31.85,20.31,26.72,0,0,0
23.92,32.71,31.02,0,1,3
14.15,27.63,82.76,0,1,0
28.51,33.19,56.22,1,0,1
53.13,29.38,88.89,0,1,6
53.65,33.97,24.17,0,0,10
34.8,36.54,89.96,0,1,6
60.79,25.75,20.06,1,0,5
